{
	"miniprogramRoot": "miniprogram/",
	"cloudfunctionRoot": "cloudfunctions/",
	"setting": {
		"urlCheck": true,
		"es6": true,
		"postcss": true,
		"minified": true,
		"newFeature": true,
		"enhance": true
	},
	"appid": "wx44a8878d2bb8c7d8",
	"projectname": "LearnHYCloud",
	"libVersion": "2.9.3",
	"simulatorType": "wechat",
	"simulatorPluginLibVersion": {},
	"condition": {
		"search": {
			"current": -1,
			"list": []
		},
		"conversation": {
			"current": -1,
			"list": []
		},
		"plugin": {
			"current": -1,
			"list": []
		},
		"game": {
			"list": []
		},
		"gamePlugin": {
			"current": -1,
			"list": []
		},
		"miniprogram": {
			"current": 0,
			"list": [
				{
					"id": -1,
					"name": "db guide",
					"pathName": "pages/databaseGuide/databaseGuide",
					"query": ""
				},
				{
					"id": -1,
					"name": "云数据库",
					"pathName": "pages/w-database/w-database",
					"query": "",
					"scene": null
				},
				{
					"id": -1,
					"name": "云存储",
					"pathName": "pages/w-storage/w-storage",
					"query": "",
					"scene": null
				},
				{
					"id": -1,
					"name": "云函数",
					"pathName": "pages/w-cloudfunc/w-cloudfunc",
					"scene": null
				}
			]
		}
	}
}